filename,predicted_label,class_name,confidence,sampler,steps
fashion_00000.png,6,camisa,0.766757,DDPM,1000
fashion_00001.png,3,vestido,0.658241,DDPM,1000
fashion_00002.png,6,camisa,0.366104,DDPM,1000
fashion_00003.png,5,sandália,0.732781,DDPM,1000
fashion_00004.png,6,camisa,0.638154,DDPM,1000
fashion_00005.png,3,vestido,0.637845,DDPM,1000
fashion_00006.png,1,calça,0.904085,DDPM,1000
fashion_00007.png,4,casaco,0.625072,DDPM,1000
fashion_00008.png,8,bolsa,0.943319,DDPM,1000
fashion_00009.png,6,camisa,0.493678,DDPM,1000
fashion_00010.png,6,camisa,0.866246,DDPM,1000
fashion_00011.png,5,sandália,0.620540,DDPM,1000
fashion_00012.png,2,pulôver,0.590445,DDPM,1000
fashion_00013.png,4,casaco,0.668164,DDPM,1000
fashion_00014.png,6,camisa,0.717329,DDPM,1000
fashion_00015.png,8,bolsa,0.968010,DDPM,1000
fashion_00016.png,2,pulôver,0.584440,DDPM,1000
fashion_00017.png,6,camisa,0.719533,DDPM,1000
fashion_00018.png,8,bolsa,0.774166,DDPM,1000
fashion_00019.png,6,camisa,0.208710,DDPM,1000
fashion_00020.png,8,bolsa,0.737098,DDPM,1000
fashion_00021.png,6,camisa,0.350880,DDPM,1000
fashion_00022.png,0,camiseta,0.352483,DDPM,1000
fashion_00023.png,3,vestido,0.563316,DDPM,1000
fashion_00024.png,8,bolsa,0.349576,DDPM,1000
fashion_00025.png,1,calça,0.530443,DDPM,1000
fashion_00026.png,3,vestido,0.881598,DDPM,1000
fashion_00027.png,0,camiseta,0.683099,DDPM,1000
fashion_00028.png,2,pulôver,0.393766,DDPM,1000
fashion_00029.png,0,camiseta,0.845633,DDPM,1000
fashion_00030.png,6,camisa,0.944189,DDPM,1000
fashion_00031.png,8,bolsa,0.441760,DDPM,1000
fashion_00032.png,9,bota,0.491778,DDPM,1000
fashion_00033.png,3,vestido,0.627954,DDPM,1000
fashion_00034.png,4,casaco,0.538876,DDPM,1000
fashion_00035.png,8,bolsa,0.415699,DDPM,1000
fashion_00036.png,6,camisa,0.450605,DDPM,1000
fashion_00037.png,8,bolsa,0.517610,DDPM,1000
fashion_00038.png,8,bolsa,0.706016,DDPM,1000
fashion_00039.png,0,camiseta,0.412221,DDPM,1000
fashion_00040.png,0,camiseta,0.357081,DDPM,1000
fashion_00041.png,6,camisa,0.378073,DDPM,1000
fashion_00042.png,0,camiseta,0.939982,DDPM,1000
fashion_00043.png,0,camiseta,0.428113,DDPM,1000
fashion_00044.png,2,pulôver,0.413092,DDPM,1000
fashion_00045.png,8,bolsa,0.658253,DDPM,1000
fashion_00046.png,1,calça,0.683895,DDPM,1000
fashion_00047.png,9,bota,0.261338,DDPM,1000
fashion_00048.png,0,camiseta,0.449342,DDPM,1000
fashion_00049.png,2,pulôver,0.425108,DDPM,1000
fashion_00050.png,0,camiseta,0.396131,DDPM,1000
fashion_00051.png,8,bolsa,0.652421,DDPM,1000
fashion_00052.png,6,camisa,0.332141,DDPM,1000
fashion_00053.png,2,pulôver,0.543960,DDPM,1000
fashion_00054.png,4,casaco,0.507895,DDPM,1000
fashion_00055.png,6,camisa,0.414596,DDPM,1000
fashion_00056.png,1,calça,0.927934,DDPM,1000
fashion_00057.png,3,vestido,0.378219,DDPM,1000
fashion_00058.png,8,bolsa,0.587501,DDPM,1000
fashion_00059.png,6,camisa,0.478383,DDPM,1000
fashion_00060.png,6,camisa,0.640306,DDPM,1000
fashion_00061.png,6,camisa,0.894459,DDPM,1000
fashion_00062.png,0,camiseta,0.474955,DDPM,1000
fashion_00063.png,6,camisa,0.690427,DDPM,1000
fashion_00064.png,0,camiseta,0.541500,DDPM,1000
fashion_00065.png,8,bolsa,0.920704,DDPM,1000
fashion_00066.png,1,calça,0.777053,DDPM,1000
fashion_00067.png,8,bolsa,0.569845,DDPM,1000
fashion_00068.png,5,sandália,0.713759,DDPM,1000
fashion_00069.png,1,calça,0.817470,DDPM,1000
fashion_00070.png,1,calça,0.936066,DDPM,1000
fashion_00071.png,6,camisa,0.630722,DDPM,1000
fashion_00072.png,6,camisa,0.659905,DDPM,1000
fashion_00073.png,0,camiseta,0.341374,DDPM,1000
fashion_00074.png,6,camisa,0.575498,DDPM,1000
fashion_00075.png,8,bolsa,0.995921,DDPM,1000
fashion_00076.png,8,bolsa,0.662808,DDPM,1000
fashion_00077.png,8,bolsa,0.509714,DDPM,1000
fashion_00078.png,0,camiseta,0.785962,DDPM,1000
fashion_00079.png,6,camisa,0.527799,DDPM,1000
fashion_00080.png,8,bolsa,0.524831,DDPM,1000
fashion_00081.png,6,camisa,0.842867,DDPM,1000
fashion_00082.png,6,camisa,0.700147,DDPM,1000
fashion_00083.png,6,camisa,0.552472,DDPM,1000
fashion_00084.png,8,bolsa,0.688735,DDPM,1000
fashion_00085.png,8,bolsa,0.604370,DDPM,1000
fashion_00086.png,6,camisa,0.600805,DDPM,1000
fashion_00087.png,6,camisa,0.315440,DDPM,1000
fashion_00088.png,8,bolsa,0.891530,DDPM,1000
fashion_00089.png,6,camisa,0.595749,DDPM,1000
fashion_00090.png,4,casaco,0.585286,DDPM,1000
fashion_00091.png,5,sandália,0.744943,DDPM,1000
fashion_00092.png,5,sandália,0.679844,DDPM,1000
fashion_00093.png,8,bolsa,0.842309,DDPM,1000
fashion_00094.png,9,bota,0.425930,DDPM,1000
fashion_00095.png,1,calça,0.673731,DDPM,1000
fashion_00096.png,4,casaco,0.559619,DDPM,1000
fashion_00097.png,5,sandália,0.485658,DDPM,1000
fashion_00098.png,8,bolsa,0.779566,DDPM,1000
fashion_00099.png,3,vestido,0.289104,DDPM,1000
fashion_00100.png,3,vestido,0.775693,DDPM,1000
fashion_00101.png,0,camiseta,0.850003,DDPM,1000
fashion_00102.png,6,camisa,0.901824,DDPM,1000
fashion_00103.png,8,bolsa,0.555339,DDPM,1000
fashion_00104.png,0,camiseta,0.908729,DDPM,1000
fashion_00105.png,0,camiseta,0.514396,DDPM,1000
fashion_00106.png,8,bolsa,0.297751,DDPM,1000
fashion_00107.png,0,camiseta,0.255729,DDPM,1000
fashion_00108.png,8,bolsa,0.736701,DDPM,1000
fashion_00109.png,8,bolsa,0.590458,DDPM,1000
fashion_00110.png,0,camiseta,0.481164,DDPM,1000
fashion_00111.png,2,pulôver,0.475841,DDPM,1000
fashion_00112.png,6,camisa,0.845556,DDPM,1000
fashion_00113.png,8,bolsa,0.900789,DDPM,1000
fashion_00114.png,1,calça,0.531626,DDPM,1000
fashion_00115.png,4,casaco,0.861943,DDPM,1000
fashion_00116.png,6,camisa,0.712225,DDPM,1000
fashion_00117.png,6,camisa,0.839236,DDPM,1000
fashion_00118.png,1,calça,0.365404,DDPM,1000
fashion_00119.png,6,camisa,0.825546,DDPM,1000
fashion_00120.png,0,camiseta,0.789796,DDPM,1000
fashion_00121.png,5,sandália,0.772006,DDPM,1000
fashion_00122.png,2,pulôver,0.557077,DDPM,1000
fashion_00123.png,9,bota,0.874042,DDPM,1000
fashion_00124.png,8,bolsa,0.780405,DDPM,1000
fashion_00125.png,2,pulôver,0.522970,DDPM,1000
fashion_00126.png,6,camisa,0.306396,DDPM,1000
fashion_00127.png,5,sandália,0.677587,DDPM,1000
fashion_00128.png,6,camisa,0.708889,DDPM,1000
fashion_00129.png,8,bolsa,0.568940,DDPM,1000
fashion_00130.png,8,bolsa,0.809192,DDPM,1000
fashion_00131.png,6,camisa,0.950644,DDPM,1000
fashion_00132.png,8,bolsa,0.770366,DDPM,1000
fashion_00133.png,6,camisa,0.545478,DDPM,1000
fashion_00134.png,6,camisa,0.637247,DDPM,1000
fashion_00135.png,6,camisa,0.484694,DDPM,1000
fashion_00136.png,0,camiseta,0.300623,DDPM,1000
fashion_00137.png,0,camiseta,0.659444,DDPM,1000
fashion_00138.png,6,camisa,0.427176,DDPM,1000
fashion_00139.png,8,bolsa,0.856406,DDPM,1000
fashion_00140.png,0,camiseta,0.613780,DDPM,1000
fashion_00141.png,6,camisa,0.655112,DDPM,1000
fashion_00142.png,6,camisa,0.433184,DDPM,1000
fashion_00143.png,4,casaco,0.595805,DDPM,1000
fashion_00144.png,0,camiseta,0.454211,DDPM,1000
fashion_00145.png,8,bolsa,0.564907,DDPM,1000
fashion_00146.png,6,camisa,0.840558,DDPM,1000
fashion_00147.png,0,camiseta,0.644120,DDPM,1000
fashion_00148.png,4,casaco,0.564659,DDPM,1000
fashion_00149.png,6,camisa,0.420304,DDPM,1000
fashion_00150.png,6,camisa,0.666286,DDPM,1000
fashion_00151.png,8,bolsa,0.946075,DDPM,1000
fashion_00152.png,6,camisa,0.779729,DDPM,1000
fashion_00153.png,8,bolsa,0.987668,DDPM,1000
fashion_00154.png,9,bota,0.359690,DDPM,1000
fashion_00155.png,0,camiseta,0.550627,DDPM,1000
fashion_00156.png,8,bolsa,0.492196,DDPM,1000
fashion_00157.png,0,camiseta,0.790322,DDPM,1000
fashion_00158.png,6,camisa,0.759022,DDPM,1000
fashion_00159.png,6,camisa,0.658824,DDPM,1000
fashion_00160.png,0,camiseta,0.679887,DDPM,1000
fashion_00161.png,3,vestido,0.746952,DDPM,1000
fashion_00162.png,8,bolsa,0.426653,DDPM,1000
fashion_00163.png,0,camiseta,0.615363,DDPM,1000
fashion_00164.png,8,bolsa,0.477778,DDPM,1000
fashion_00165.png,6,camisa,0.698221,DDPM,1000
fashion_00166.png,8,bolsa,0.696038,DDPM,1000
fashion_00167.png,8,bolsa,0.710564,DDPM,1000
fashion_00168.png,8,bolsa,0.320293,DDPM,1000
fashion_00169.png,8,bolsa,0.847688,DDPM,1000
fashion_00170.png,3,vestido,0.451344,DDPM,1000
fashion_00171.png,6,camisa,0.547342,DDPM,1000
fashion_00172.png,8,bolsa,0.517920,DDPM,1000
fashion_00173.png,6,camisa,0.692919,DDPM,1000
fashion_00174.png,9,bota,0.603617,DDPM,1000
fashion_00175.png,0,camiseta,0.624570,DDPM,1000
fashion_00176.png,6,camisa,0.470093,DDPM,1000
fashion_00177.png,8,bolsa,0.782614,DDPM,1000
fashion_00178.png,6,camisa,0.386743,DDPM,1000
fashion_00179.png,9,bota,0.541269,DDPM,1000
fashion_00180.png,8,bolsa,0.417734,DDPM,1000
fashion_00181.png,0,camiseta,0.969840,DDPM,1000
fashion_00182.png,8,bolsa,0.781527,DDPM,1000
fashion_00183.png,5,sandália,0.933698,DDPM,1000
fashion_00184.png,0,camiseta,0.818731,DDPM,1000
fashion_00185.png,8,bolsa,0.635183,DDPM,1000
fashion_00186.png,8,bolsa,0.438823,DDPM,1000
fashion_00187.png,6,camisa,0.446259,DDPM,1000
fashion_00188.png,6,camisa,0.807338,DDPM,1000
fashion_00189.png,8,bolsa,0.434107,DDPM,1000
fashion_00190.png,6,camisa,0.344713,DDPM,1000
fashion_00191.png,6,camisa,0.399708,DDPM,1000
fashion_00192.png,8,bolsa,0.693916,DDPM,1000
fashion_00193.png,7,tênis,0.716450,DDPM,1000
fashion_00194.png,6,camisa,0.451011,DDPM,1000
fashion_00195.png,4,casaco,0.609855,DDPM,1000
fashion_00196.png,9,bota,0.891939,DDPM,1000
fashion_00197.png,3,vestido,0.240830,DDPM,1000
fashion_00198.png,6,camisa,0.421927,DDPM,1000
fashion_00199.png,6,camisa,0.587510,DDPM,1000
fashion_00200.png,5,sandália,0.612407,DDPM,1000
fashion_00201.png,1,calça,0.612405,DDPM,1000
fashion_00202.png,0,camiseta,0.685919,DDPM,1000
fashion_00203.png,5,sandália,0.401695,DDPM,1000
fashion_00204.png,3,vestido,0.270905,DDPM,1000
fashion_00205.png,0,camiseta,0.438238,DDPM,1000
fashion_00206.png,6,camisa,0.273455,DDPM,1000
fashion_00207.png,8,bolsa,0.411409,DDPM,1000
fashion_00208.png,8,bolsa,0.775492,DDPM,1000
fashion_00209.png,4,casaco,0.630347,DDPM,1000
fashion_00210.png,0,camiseta,0.227879,DDPM,1000
fashion_00211.png,0,camiseta,0.461355,DDPM,1000
fashion_00212.png,3,vestido,0.295924,DDPM,1000
fashion_00213.png,5,sandália,0.658363,DDPM,1000
fashion_00214.png,6,camisa,0.524228,DDPM,1000
fashion_00215.png,6,camisa,0.592873,DDPM,1000
fashion_00216.png,9,bota,0.385651,DDPM,1000
fashion_00217.png,1,calça,0.611887,DDPM,1000
fashion_00218.png,8,bolsa,0.854431,DDPM,1000
fashion_00219.png,5,sandália,0.889923,DDPM,1000
fashion_00220.png,3,vestido,0.433762,DDPM,1000
fashion_00221.png,6,camisa,0.794702,DDPM,1000
fashion_00222.png,6,camisa,0.576256,DDPM,1000
fashion_00223.png,8,bolsa,0.577138,DDPM,1000
fashion_00224.png,8,bolsa,0.768871,DDPM,1000
fashion_00225.png,6,camisa,0.730694,DDPM,1000
fashion_00226.png,4,casaco,0.573469,DDPM,1000
fashion_00227.png,8,bolsa,0.705730,DDPM,1000
fashion_00228.png,8,bolsa,0.768919,DDPM,1000
fashion_00229.png,6,camisa,0.314683,DDPM,1000
fashion_00230.png,8,bolsa,0.666356,DDPM,1000
fashion_00231.png,6,camisa,0.567841,DDPM,1000
fashion_00232.png,2,pulôver,0.416305,DDPM,1000
fashion_00233.png,6,camisa,0.416349,DDPM,1000
fashion_00234.png,6,camisa,0.937305,DDPM,1000
fashion_00235.png,9,bota,0.535427,DDPM,1000
fashion_00236.png,0,camiseta,0.590412,DDPM,1000
fashion_00237.png,6,camisa,0.421484,DDPM,1000
fashion_00238.png,8,bolsa,0.887206,DDPM,1000
fashion_00239.png,1,calça,0.592059,DDPM,1000
fashion_00240.png,2,pulôver,0.602344,DDPM,1000
fashion_00241.png,2,pulôver,0.694753,DDPM,1000
fashion_00242.png,5,sandália,0.781503,DDPM,1000
fashion_00243.png,6,camisa,0.915394,DDPM,1000
fashion_00244.png,6,camisa,0.425677,DDPM,1000
fashion_00245.png,5,sandália,0.355923,DDPM,1000
fashion_00246.png,5,sandália,0.935782,DDPM,1000
fashion_00247.png,6,camisa,0.748003,DDPM,1000
fashion_00248.png,0,camiseta,0.645365,DDPM,1000
fashion_00249.png,6,camisa,0.642601,DDPM,1000
fashion_00250.png,6,camisa,0.783898,DDPM,1000
fashion_00251.png,5,sandália,0.635771,DDPM,1000
fashion_00252.png,6,camisa,0.573521,DDPM,1000
fashion_00253.png,8,bolsa,0.655392,DDPM,1000
fashion_00254.png,4,casaco,0.513715,DDPM,1000
fashion_00255.png,6,camisa,0.705599,DDPM,1000
fashion_00256.png,6,camisa,0.473431,DDPM,1000
fashion_00257.png,6,camisa,0.913525,DDPM,1000
fashion_00258.png,0,camiseta,0.733012,DDPM,1000
fashion_00259.png,8,bolsa,0.628884,DDPM,1000
fashion_00260.png,0,camiseta,0.725648,DDPM,1000
fashion_00261.png,2,pulôver,0.375544,DDPM,1000
fashion_00262.png,6,camisa,0.648212,DDPM,1000
fashion_00263.png,1,calça,0.471009,DDPM,1000
fashion_00264.png,6,camisa,0.592305,DDPM,1000
fashion_00265.png,6,camisa,0.385917,DDPM,1000
fashion_00266.png,5,sandália,0.877152,DDPM,1000
fashion_00267.png,1,calça,0.953231,DDPM,1000
fashion_00268.png,6,camisa,0.727960,DDPM,1000
fashion_00269.png,3,vestido,0.746503,DDPM,1000
fashion_00270.png,8,bolsa,0.938542,DDPM,1000
fashion_00271.png,4,casaco,0.631572,DDPM,1000
fashion_00272.png,6,camisa,0.898236,DDPM,1000
fashion_00273.png,0,camiseta,0.496920,DDPM,1000
fashion_00274.png,9,bota,0.542587,DDPM,1000
fashion_00275.png,6,camisa,0.454565,DDPM,1000
fashion_00276.png,0,camiseta,0.509075,DDPM,1000
fashion_00277.png,6,camisa,0.697749,DDPM,1000
fashion_00278.png,8,bolsa,0.392523,DDPM,1000
fashion_00279.png,8,bolsa,0.419723,DDPM,1000
fashion_00280.png,6,camisa,0.809250,DDPM,1000
fashion_00281.png,9,bota,0.646226,DDPM,1000
fashion_00282.png,0,camiseta,0.674224,DDPM,1000
fashion_00283.png,6,camisa,0.773260,DDPM,1000
fashion_00284.png,8,bolsa,0.671155,DDPM,1000
fashion_00285.png,6,camisa,0.536024,DDPM,1000
fashion_00286.png,5,sandália,0.925363,DDPM,1000
fashion_00287.png,0,camiseta,0.807558,DDPM,1000
fashion_00288.png,6,camisa,0.395540,DDPM,1000
fashion_00289.png,3,vestido,0.335269,DDPM,1000
fashion_00290.png,6,camisa,0.653711,DDPM,1000
fashion_00291.png,0,camiseta,0.746831,DDPM,1000
fashion_00292.png,9,bota,0.397124,DDPM,1000
fashion_00293.png,3,vestido,0.342217,DDPM,1000
fashion_00294.png,6,camisa,0.499698,DDPM,1000
fashion_00295.png,6,camisa,0.722842,DDPM,1000
fashion_00296.png,3,vestido,0.639802,DDPM,1000
fashion_00297.png,6,camisa,0.717059,DDPM,1000
fashion_00298.png,6,camisa,0.417855,DDPM,1000
fashion_00299.png,6,camisa,0.884564,DDPM,1000
fashion_00300.png,6,camisa,0.321227,DDPM,1000
fashion_00301.png,9,bota,0.584007,DDPM,1000
fashion_00302.png,6,camisa,0.373936,DDPM,1000
fashion_00303.png,0,camiseta,0.921305,DDPM,1000
fashion_00304.png,6,camisa,0.378787,DDPM,1000
fashion_00305.png,6,camisa,0.916764,DDPM,1000
fashion_00306.png,4,casaco,0.661365,DDPM,1000
fashion_00307.png,7,tênis,0.372909,DDPM,1000
fashion_00308.png,6,camisa,0.376665,DDPM,1000
fashion_00309.png,8,bolsa,0.771143,DDPM,1000
fashion_00310.png,8,bolsa,0.569054,DDPM,1000
fashion_00311.png,6,camisa,0.743144,DDPM,1000
fashion_00312.png,8,bolsa,0.883096,DDPM,1000
fashion_00313.png,1,calça,0.520420,DDPM,1000
fashion_00314.png,7,tênis,0.415009,DDPM,1000
fashion_00315.png,6,camisa,0.717210,DDPM,1000
fashion_00316.png,6,camisa,0.672907,DDPM,1000
fashion_00317.png,0,camiseta,0.582760,DDPM,1000
fashion_00318.png,3,vestido,0.615492,DDPM,1000
fashion_00319.png,3,vestido,0.412924,DDPM,1000
fashion_00320.png,8,bolsa,0.904118,DDPM,1000
fashion_00321.png,0,camiseta,0.279993,DDPM,1000
fashion_00322.png,6,camisa,0.326991,DDPM,1000
fashion_00323.png,5,sandália,0.791786,DDPM,1000
fashion_00324.png,0,camiseta,0.492308,DDPM,1000
fashion_00325.png,3,vestido,0.518603,DDPM,1000
fashion_00326.png,5,sandália,0.549505,DDPM,1000
fashion_00327.png,6,camisa,0.345922,DDPM,1000
fashion_00328.png,9,bota,0.395533,DDPM,1000
fashion_00329.png,1,calça,0.821839,DDPM,1000
fashion_00330.png,6,camisa,0.358020,DDPM,1000
fashion_00331.png,3,vestido,0.332440,DDPM,1000
fashion_00332.png,6,camisa,0.554607,DDPM,1000
fashion_00333.png,1,calça,0.868441,DDPM,1000
fashion_00334.png,3,vestido,0.626946,DDPM,1000
fashion_00335.png,6,camisa,0.466149,DDPM,1000
fashion_00336.png,5,sandália,0.749597,DDPM,1000
fashion_00337.png,0,camiseta,0.412050,DDPM,1000
fashion_00338.png,5,sandália,0.365561,DDPM,1000
fashion_00339.png,6,camisa,0.312612,DDPM,1000
fashion_00340.png,6,camisa,0.633767,DDPM,1000
fashion_00341.png,6,camisa,0.452407,DDPM,1000
fashion_00342.png,0,camiseta,0.317761,DDPM,1000
fashion_00343.png,8,bolsa,0.834135,DDPM,1000
fashion_00344.png,0,camiseta,0.638753,DDPM,1000
fashion_00345.png,8,bolsa,0.357025,DDPM,1000
fashion_00346.png,5,sandália,0.894284,DDPM,1000
fashion_00347.png,6,camisa,0.889141,DDPM,1000
fashion_00348.png,8,bolsa,0.998028,DDPM,1000
fashion_00349.png,2,pulôver,0.736925,DDPM,1000
fashion_00350.png,0,camiseta,0.504450,DDPM,1000
fashion_00351.png,2,pulôver,0.678133,DDPM,1000
fashion_00352.png,1,calça,0.629429,DDPM,1000
fashion_00353.png,9,bota,0.329096,DDPM,1000
fashion_00354.png,1,calça,0.387640,DDPM,1000
fashion_00355.png,8,bolsa,0.952788,DDPM,1000
fashion_00356.png,0,camiseta,0.265769,DDPM,1000
fashion_00357.png,0,camiseta,0.679184,DDPM,1000
fashion_00358.png,5,sandália,0.381053,DDPM,1000
fashion_00359.png,3,vestido,0.475971,DDPM,1000
fashion_00360.png,6,camisa,0.640248,DDPM,1000
fashion_00361.png,8,bolsa,0.955248,DDPM,1000
fashion_00362.png,7,tênis,0.288264,DDPM,1000
fashion_00363.png,6,camisa,0.384326,DDPM,1000
fashion_00364.png,7,tênis,0.466368,DDPM,1000
fashion_00365.png,8,bolsa,0.221799,DDPM,1000
fashion_00366.png,9,bota,0.647567,DDPM,1000
fashion_00367.png,8,bolsa,0.301766,DDPM,1000
fashion_00368.png,6,camisa,0.422125,DDPM,1000
fashion_00369.png,8,bolsa,0.930233,DDPM,1000
fashion_00370.png,8,bolsa,0.542384,DDPM,1000
fashion_00371.png,6,camisa,0.584296,DDPM,1000
fashion_00372.png,5,sandália,0.830531,DDPM,1000
fashion_00373.png,8,bolsa,0.978790,DDPM,1000
fashion_00374.png,0,camiseta,0.439553,DDPM,1000
fashion_00375.png,6,camisa,0.616171,DDPM,1000
fashion_00376.png,0,camiseta,0.281978,DDPM,1000
fashion_00377.png,4,casaco,0.650343,DDPM,1000
fashion_00378.png,3,vestido,0.528002,DDPM,1000
fashion_00379.png,9,bota,0.600097,DDPM,1000
fashion_00380.png,8,bolsa,0.750691,DDPM,1000
fashion_00381.png,3,vestido,0.535070,DDPM,1000
fashion_00382.png,8,bolsa,0.608926,DDPM,1000
fashion_00383.png,6,camisa,0.876198,DDPM,1000
fashion_00384.png,9,bota,0.926417,DDPM,1000
fashion_00385.png,1,calça,0.464569,DDPM,1000
fashion_00386.png,4,casaco,0.535979,DDPM,1000
fashion_00387.png,1,calça,0.343846,DDPM,1000
fashion_00388.png,6,camisa,0.433642,DDPM,1000
fashion_00389.png,6,camisa,0.868012,DDPM,1000
fashion_00390.png,8,bolsa,0.948945,DDPM,1000
fashion_00391.png,6,camisa,0.917065,DDPM,1000
fashion_00392.png,5,sandália,0.955756,DDPM,1000
fashion_00393.png,6,camisa,0.817943,DDPM,1000
fashion_00394.png,6,camisa,0.703379,DDPM,1000
fashion_00395.png,8,bolsa,0.478001,DDPM,1000
fashion_00396.png,6,camisa,0.724935,DDPM,1000
fashion_00397.png,1,calça,0.516209,DDPM,1000
fashion_00398.png,6,camisa,0.520864,DDPM,1000
fashion_00399.png,5,sandália,0.665521,DDPM,1000
fashion_00400.png,9,bota,0.787369,DDPM,1000
fashion_00401.png,0,camiseta,0.689411,DDPM,1000
fashion_00402.png,8,bolsa,0.359824,DDPM,1000
fashion_00403.png,0,camiseta,0.378392,DDPM,1000
fashion_00404.png,8,bolsa,0.474943,DDPM,1000
fashion_00405.png,6,camisa,0.936379,DDPM,1000
fashion_00406.png,8,bolsa,0.555241,DDPM,1000
fashion_00407.png,6,camisa,0.477732,DDPM,1000
fashion_00408.png,8,bolsa,0.369131,DDPM,1000
fashion_00409.png,2,pulôver,0.295382,DDPM,1000
fashion_00410.png,1,calça,0.785946,DDPM,1000
fashion_00411.png,8,bolsa,0.698948,DDPM,1000
fashion_00412.png,6,camisa,0.855058,DDPM,1000
fashion_00413.png,6,camisa,0.908274,DDPM,1000
fashion_00414.png,6,camisa,0.480086,DDPM,1000
fashion_00415.png,6,camisa,0.801734,DDPM,1000
fashion_00416.png,2,pulôver,0.515170,DDPM,1000
fashion_00417.png,8,bolsa,0.503484,DDPM,1000
fashion_00418.png,4,casaco,0.881568,DDPM,1000
fashion_00419.png,8,bolsa,0.633903,DDPM,1000
fashion_00420.png,8,bolsa,0.531428,DDPM,1000
fashion_00421.png,2,pulôver,0.528210,DDPM,1000
fashion_00422.png,8,bolsa,0.378329,DDPM,1000
fashion_00423.png,0,camiseta,0.495154,DDPM,1000
fashion_00424.png,4,casaco,0.789708,DDPM,1000
fashion_00425.png,4,casaco,0.437450,DDPM,1000
fashion_00426.png,2,pulôver,0.705488,DDPM,1000
fashion_00427.png,0,camiseta,0.466026,DDPM,1000
fashion_00428.png,6,camisa,0.277934,DDPM,1000
fashion_00429.png,6,camisa,0.482357,DDPM,1000
fashion_00430.png,8,bolsa,0.457494,DDPM,1000
fashion_00431.png,6,camisa,0.393071,DDPM,1000
fashion_00432.png,9,bota,0.915039,DDPM,1000
fashion_00433.png,3,vestido,0.501641,DDPM,1000
fashion_00434.png,9,bota,0.564501,DDPM,1000
fashion_00435.png,4,casaco,0.487403,DDPM,1000
fashion_00436.png,8,bolsa,0.449757,DDPM,1000
fashion_00437.png,5,sandália,0.823845,DDPM,1000
fashion_00438.png,8,bolsa,0.806482,DDPM,1000
fashion_00439.png,0,camiseta,0.887993,DDPM,1000
fashion_00440.png,8,bolsa,0.460781,DDPM,1000
fashion_00441.png,4,casaco,0.433253,DDPM,1000
fashion_00442.png,2,pulôver,0.534361,DDPM,1000
fashion_00443.png,3,vestido,0.943529,DDPM,1000
fashion_00444.png,6,camisa,0.390001,DDPM,1000
fashion_00445.png,8,bolsa,0.768031,DDPM,1000
fashion_00446.png,6,camisa,0.738523,DDPM,1000
fashion_00447.png,4,casaco,0.557677,DDPM,1000
fashion_00448.png,6,camisa,0.846200,DDPM,1000
fashion_00449.png,8,bolsa,0.598060,DDPM,1000
fashion_00450.png,0,camiseta,0.776390,DDPM,1000
fashion_00451.png,5,sandália,0.724192,DDPM,1000
fashion_00452.png,8,bolsa,0.741946,DDPM,1000
fashion_00453.png,8,bolsa,0.898136,DDPM,1000
fashion_00454.png,2,pulôver,0.635962,DDPM,1000
fashion_00455.png,8,bolsa,0.763844,DDPM,1000
fashion_00456.png,1,calça,0.464981,DDPM,1000
fashion_00457.png,6,camisa,0.861222,DDPM,1000
fashion_00458.png,1,calça,0.969195,DDPM,1000
fashion_00459.png,8,bolsa,0.949236,DDPM,1000
fashion_00460.png,6,camisa,0.363691,DDPM,1000
fashion_00461.png,2,pulôver,0.424940,DDPM,1000
fashion_00462.png,2,pulôver,0.449092,DDPM,1000
fashion_00463.png,8,bolsa,0.990080,DDPM,1000
fashion_00464.png,6,camisa,0.801344,DDPM,1000
fashion_00465.png,6,camisa,0.306427,DDPM,1000
fashion_00466.png,0,camiseta,0.457539,DDPM,1000
fashion_00467.png,2,pulôver,0.430533,DDPM,1000
fashion_00468.png,6,camisa,0.469649,DDPM,1000
fashion_00469.png,1,calça,0.595877,DDPM,1000
fashion_00470.png,7,tênis,0.355355,DDPM,1000
fashion_00471.png,5,sandália,0.989341,DDPM,1000
fashion_00472.png,0,camiseta,0.474723,DDPM,1000
fashion_00473.png,6,camisa,0.977096,DDPM,1000
fashion_00474.png,6,camisa,0.592323,DDPM,1000
fashion_00475.png,3,vestido,0.407934,DDPM,1000
fashion_00476.png,0,camiseta,0.417266,DDPM,1000
fashion_00477.png,2,pulôver,0.313069,DDPM,1000
fashion_00478.png,6,camisa,0.580714,DDPM,1000
fashion_00479.png,8,bolsa,0.497717,DDPM,1000
fashion_00480.png,8,bolsa,0.674384,DDPM,1000
fashion_00481.png,6,camisa,0.872583,DDPM,1000
fashion_00482.png,6,camisa,0.676190,DDPM,1000
fashion_00483.png,4,casaco,0.712141,DDPM,1000
fashion_00484.png,3,vestido,0.451356,DDPM,1000
fashion_00485.png,6,camisa,0.438885,DDPM,1000
fashion_00486.png,8,bolsa,0.817824,DDPM,1000
fashion_00487.png,2,pulôver,0.466066,DDPM,1000
fashion_00488.png,0,camiseta,0.439256,DDPM,1000
fashion_00489.png,6,camisa,0.657235,DDPM,1000
fashion_00490.png,6,camisa,0.906206,DDPM,1000
fashion_00491.png,6,camisa,0.714810,DDPM,1000
fashion_00492.png,4,casaco,0.489098,DDPM,1000
fashion_00493.png,7,tênis,0.615644,DDPM,1000
fashion_00494.png,8,bolsa,0.850372,DDPM,1000
fashion_00495.png,4,casaco,0.548537,DDPM,1000
fashion_00496.png,8,bolsa,0.440014,DDPM,1000
fashion_00497.png,8,bolsa,0.924062,DDPM,1000
fashion_00498.png,6,camisa,0.819267,DDPM,1000
fashion_00499.png,0,camiseta,0.628860,DDPM,1000
fashion_00500.png,0,camiseta,0.542834,DDPM,1000
fashion_00501.png,6,camisa,0.359601,DDPM,1000
fashion_00502.png,6,camisa,0.682973,DDPM,1000
fashion_00503.png,6,camisa,0.478562,DDPM,1000
fashion_00504.png,2,pulôver,0.417441,DDPM,1000
fashion_00505.png,0,camiseta,0.707514,DDPM,1000
fashion_00506.png,7,tênis,0.233695,DDPM,1000
fashion_00507.png,8,bolsa,0.528581,DDPM,1000
fashion_00508.png,6,camisa,0.894072,DDPM,1000
fashion_00509.png,6,camisa,0.641617,DDPM,1000
fashion_00510.png,2,pulôver,0.691466,DDPM,1000
fashion_00511.png,5,sandália,0.684477,DDPM,1000
fashion_00512.png,5,sandália,0.473018,DDPM,1000
fashion_00513.png,4,casaco,0.714008,DDPM,1000
fashion_00514.png,0,camiseta,0.656557,DDPM,1000
fashion_00515.png,6,camisa,0.381938,DDPM,1000
fashion_00516.png,6,camisa,0.443406,DDPM,1000
fashion_00517.png,6,camisa,0.333461,DDPM,1000
fashion_00518.png,0,camiseta,0.603662,DDPM,1000
fashion_00519.png,0,camiseta,0.645714,DDPM,1000
fashion_00520.png,2,pulôver,0.754094,DDPM,1000
fashion_00521.png,0,camiseta,0.453190,DDPM,1000
fashion_00522.png,0,camiseta,0.385842,DDPM,1000
fashion_00523.png,3,vestido,0.698334,DDPM,1000
fashion_00524.png,0,camiseta,0.600327,DDPM,1000
fashion_00525.png,8,bolsa,0.762287,DDPM,1000
fashion_00526.png,2,pulôver,0.486865,DDPM,1000
fashion_00527.png,6,camisa,0.481079,DDPM,1000
fashion_00528.png,4,casaco,0.667113,DDPM,1000
fashion_00529.png,8,bolsa,0.991156,DDPM,1000
fashion_00530.png,6,camisa,0.971915,DDPM,1000
fashion_00531.png,6,camisa,0.950175,DDPM,1000
fashion_00532.png,8,bolsa,0.510462,DDPM,1000
fashion_00533.png,4,casaco,0.773350,DDPM,1000
fashion_00534.png,0,camiseta,0.423717,DDPM,1000
fashion_00535.png,6,camisa,0.474271,DDPM,1000
fashion_00536.png,6,camisa,0.826000,DDPM,1000
fashion_00537.png,0,camiseta,0.661058,DDPM,1000
fashion_00538.png,6,camisa,0.668844,DDPM,1000
fashion_00539.png,8,bolsa,0.970296,DDPM,1000
fashion_00540.png,6,camisa,0.627950,DDPM,1000
fashion_00541.png,4,casaco,0.469937,DDPM,1000
fashion_00542.png,5,sandália,0.543558,DDPM,1000
fashion_00543.png,0,camiseta,0.490447,DDPM,1000
fashion_00544.png,6,camisa,0.487130,DDPM,1000
fashion_00545.png,8,bolsa,0.256270,DDPM,1000
fashion_00546.png,2,pulôver,0.572429,DDPM,1000
fashion_00547.png,6,camisa,0.813915,DDPM,1000
fashion_00548.png,0,camiseta,0.514498,DDPM,1000
fashion_00549.png,1,calça,0.751149,DDPM,1000
fashion_00550.png,4,casaco,0.632721,DDPM,1000
fashion_00551.png,5,sandália,0.647555,DDPM,1000
fashion_00552.png,6,camisa,0.533438,DDPM,1000
fashion_00553.png,3,vestido,0.354934,DDPM,1000
fashion_00554.png,0,camiseta,0.589456,DDPM,1000
fashion_00555.png,6,camisa,0.719846,DDPM,1000
fashion_00556.png,6,camisa,0.603426,DDPM,1000
fashion_00557.png,9,bota,0.361261,DDPM,1000
fashion_00558.png,5,sandália,0.427373,DDPM,1000
fashion_00559.png,2,pulôver,0.450423,DDPM,1000
fashion_00560.png,6,camisa,0.733225,DDPM,1000
fashion_00561.png,6,camisa,0.633420,DDPM,1000
fashion_00562.png,5,sandália,0.412685,DDPM,1000
fashion_00563.png,4,casaco,0.811152,DDPM,1000
fashion_00564.png,5,sandália,0.992939,DDPM,1000
fashion_00565.png,6,camisa,0.348590,DDPM,1000
fashion_00566.png,9,bota,0.278985,DDPM,1000
fashion_00567.png,8,bolsa,0.746273,DDPM,1000
fashion_00568.png,9,bota,0.469988,DDPM,1000
fashion_00569.png,6,camisa,0.572937,DDPM,1000
fashion_00570.png,0,camiseta,0.858190,DDPM,1000
fashion_00571.png,6,camisa,0.913369,DDPM,1000
fashion_00572.png,0,camiseta,0.349270,DDPM,1000
fashion_00573.png,0,camiseta,0.260541,DDPM,1000
fashion_00574.png,1,calça,0.576353,DDPM,1000
fashion_00575.png,6,camisa,0.510659,DDPM,1000
fashion_00576.png,8,bolsa,0.808360,DDPM,1000
fashion_00577.png,3,vestido,0.938358,DDPM,1000
fashion_00578.png,8,bolsa,0.716841,DDPM,1000
fashion_00579.png,3,vestido,0.966054,DDPM,1000
fashion_00580.png,8,bolsa,0.398703,DDPM,1000
fashion_00581.png,6,camisa,0.416147,DDPM,1000
fashion_00582.png,6,camisa,0.812234,DDPM,1000
fashion_00583.png,5,sandália,0.806747,DDPM,1000
fashion_00584.png,8,bolsa,0.530466,DDPM,1000
fashion_00585.png,0,camiseta,0.655833,DDPM,1000
fashion_00586.png,8,bolsa,0.473033,DDPM,1000
fashion_00587.png,6,camisa,0.577247,DDPM,1000
fashion_00588.png,0,camiseta,0.419304,DDPM,1000
fashion_00589.png,0,camiseta,0.623722,DDPM,1000
fashion_00590.png,0,camiseta,0.353649,DDPM,1000
fashion_00591.png,3,vestido,0.976656,DDPM,1000
fashion_00592.png,5,sandália,0.929055,DDPM,1000
fashion_00593.png,0,camiseta,0.496138,DDPM,1000
fashion_00594.png,9,bota,0.888217,DDPM,1000
fashion_00595.png,8,bolsa,0.620951,DDPM,1000
fashion_00596.png,7,tênis,0.516353,DDPM,1000
fashion_00597.png,6,camisa,0.307374,DDPM,1000
fashion_00598.png,2,pulôver,0.643070,DDPM,1000
fashion_00599.png,6,camisa,0.479968,DDPM,1000
fashion_00600.png,4,casaco,0.368658,DDPM,1000
fashion_00601.png,8,bolsa,0.502613,DDPM,1000
fashion_00602.png,1,calça,0.566423,DDPM,1000
fashion_00603.png,1,calça,0.399272,DDPM,1000
fashion_00604.png,8,bolsa,0.732336,DDPM,1000
fashion_00605.png,6,camisa,0.595634,DDPM,1000
fashion_00606.png,1,calça,0.712844,DDPM,1000
fashion_00607.png,0,camiseta,0.746112,DDPM,1000
fashion_00608.png,7,tênis,0.298195,DDPM,1000
fashion_00609.png,8,bolsa,0.725901,DDPM,1000
fashion_00610.png,5,sandália,0.670812,DDPM,1000
fashion_00611.png,9,bota,0.399523,DDPM,1000
fashion_00612.png,0,camiseta,0.706851,DDPM,1000
fashion_00613.png,6,camisa,0.816663,DDPM,1000
fashion_00614.png,4,casaco,0.763856,DDPM,1000
fashion_00615.png,9,bota,0.760068,DDPM,1000
fashion_00616.png,3,vestido,0.448072,DDPM,1000
fashion_00617.png,8,bolsa,0.459801,DDPM,1000
fashion_00618.png,6,camisa,0.553714,DDPM,1000
fashion_00619.png,2,pulôver,0.302748,DDPM,1000
fashion_00620.png,6,camisa,0.626754,DDPM,1000
fashion_00621.png,0,camiseta,0.270545,DDPM,1000
fashion_00622.png,6,camisa,0.443375,DDPM,1000
fashion_00623.png,5,sandália,0.566618,DDPM,1000
fashion_00624.png,0,camiseta,0.638004,DDPM,1000
fashion_00625.png,6,camisa,0.553718,DDPM,1000
fashion_00626.png,6,camisa,0.956748,DDPM,1000
fashion_00627.png,6,camisa,0.597188,DDPM,1000
fashion_00628.png,3,vestido,0.354859,DDPM,1000
fashion_00629.png,0,camiseta,0.764161,DDPM,1000
fashion_00630.png,4,casaco,0.401985,DDPM,1000
fashion_00631.png,6,camisa,0.434094,DDPM,1000
fashion_00632.png,0,camiseta,0.472014,DDPM,1000
fashion_00633.png,6,camisa,0.672256,DDPM,1000
fashion_00634.png,6,camisa,0.685434,DDPM,1000
fashion_00635.png,6,camisa,0.946567,DDPM,1000
fashion_00636.png,6,camisa,0.496669,DDPM,1000
fashion_00637.png,6,camisa,0.519321,DDPM,1000
fashion_00638.png,8,bolsa,0.630339,DDPM,1000
fashion_00639.png,6,camisa,0.904680,DDPM,1000
fashion_00640.png,0,camiseta,0.467995,DDPM,1000
fashion_00641.png,3,vestido,0.433411,DDPM,1000
fashion_00642.png,3,vestido,0.563474,DDPM,1000
fashion_00643.png,1,calça,0.304026,DDPM,1000
fashion_00644.png,0,camiseta,0.358395,DDPM,1000
fashion_00645.png,0,camiseta,0.476537,DDPM,1000
fashion_00646.png,7,tênis,0.370271,DDPM,1000
fashion_00647.png,6,camisa,0.953186,DDPM,1000
fashion_00648.png,0,camiseta,0.850576,DDPM,1000
fashion_00649.png,4,casaco,0.550767,DDPM,1000
fashion_00650.png,8,bolsa,0.392390,DDPM,1000
fashion_00651.png,0,camiseta,0.441945,DDPM,1000
fashion_00652.png,3,vestido,0.352407,DDPM,1000
fashion_00653.png,0,camiseta,0.576939,DDPM,1000
fashion_00654.png,8,bolsa,0.665791,DDPM,1000
fashion_00655.png,0,camiseta,0.432861,DDPM,1000
fashion_00656.png,8,bolsa,0.912585,DDPM,1000
fashion_00657.png,0,camiseta,0.565955,DDPM,1000
fashion_00658.png,6,camisa,0.420754,DDPM,1000
fashion_00659.png,5,sandália,0.277222,DDPM,1000
fashion_00660.png,8,bolsa,0.953778,DDPM,1000
fashion_00661.png,0,camiseta,0.340737,DDPM,1000
fashion_00662.png,6,camisa,0.397785,DDPM,1000
fashion_00663.png,8,bolsa,0.560201,DDPM,1000
fashion_00664.png,6,camisa,0.445111,DDPM,1000
fashion_00665.png,8,bolsa,0.728168,DDPM,1000
fashion_00666.png,7,tênis,0.584772,DDPM,1000
fashion_00667.png,4,casaco,0.396146,DDPM,1000
fashion_00668.png,6,camisa,0.815930,DDPM,1000
fashion_00669.png,5,sandália,0.456214,DDPM,1000
fashion_00670.png,7,tênis,0.492643,DDPM,1000
fashion_00671.png,8,bolsa,0.442526,DDPM,1000
fashion_00672.png,3,vestido,0.471411,DDPM,1000
fashion_00673.png,1,calça,0.852420,DDPM,1000
fashion_00674.png,5,sandália,0.477724,DDPM,1000
fashion_00675.png,0,camiseta,0.854447,DDPM,1000
fashion_00676.png,8,bolsa,0.972593,DDPM,1000
fashion_00677.png,6,camisa,0.487935,DDPM,1000
fashion_00678.png,8,bolsa,0.753137,DDPM,1000
fashion_00679.png,1,calça,0.223016,DDPM,1000
fashion_00680.png,6,camisa,0.416899,DDPM,1000
fashion_00681.png,6,camisa,0.463101,DDPM,1000
fashion_00682.png,0,camiseta,0.426547,DDPM,1000
fashion_00683.png,6,camisa,0.224023,DDPM,1000
fashion_00684.png,6,camisa,0.516092,DDPM,1000
fashion_00685.png,2,pulôver,0.382913,DDPM,1000
fashion_00686.png,6,camisa,0.476987,DDPM,1000
fashion_00687.png,2,pulôver,0.516789,DDPM,1000
fashion_00688.png,8,bolsa,0.400578,DDPM,1000
fashion_00689.png,8,bolsa,0.406893,DDPM,1000
fashion_00690.png,6,camisa,0.703248,DDPM,1000
fashion_00691.png,9,bota,0.883261,DDPM,1000
fashion_00692.png,1,calça,0.373426,DDPM,1000
fashion_00693.png,0,camiseta,0.451052,DDPM,1000
fashion_00694.png,3,vestido,0.584324,DDPM,1000
fashion_00695.png,8,bolsa,0.719998,DDPM,1000
fashion_00696.png,3,vestido,0.547850,DDPM,1000
fashion_00697.png,6,camisa,0.608225,DDPM,1000
fashion_00698.png,0,camiseta,0.828545,DDPM,1000
fashion_00699.png,0,camiseta,0.716094,DDPM,1000
fashion_00700.png,8,bolsa,0.605364,DDPM,1000
fashion_00701.png,7,tênis,0.636356,DDPM,1000
fashion_00702.png,8,bolsa,0.969813,DDPM,1000
fashion_00703.png,6,camisa,0.554177,DDPM,1000
fashion_00704.png,5,sandália,0.950353,DDPM,1000
fashion_00705.png,0,camiseta,0.504163,DDPM,1000
fashion_00706.png,1,calça,0.795269,DDPM,1000
fashion_00707.png,9,bota,0.510993,DDPM,1000
fashion_00708.png,6,camisa,0.707475,DDPM,1000
fashion_00709.png,6,camisa,0.806836,DDPM,1000
fashion_00710.png,8,bolsa,0.609707,DDPM,1000
fashion_00711.png,6,camisa,0.721062,DDPM,1000
fashion_00712.png,3,vestido,0.568768,DDPM,1000
fashion_00713.png,5,sandália,0.984596,DDPM,1000
fashion_00714.png,9,bota,0.947598,DDPM,1000
fashion_00715.png,5,sandália,0.795818,DDPM,1000
fashion_00716.png,2,pulôver,0.717350,DDPM,1000
fashion_00717.png,6,camisa,0.634622,DDPM,1000
fashion_00718.png,5,sandália,0.683335,DDPM,1000
fashion_00719.png,5,sandália,0.653218,DDPM,1000
fashion_00720.png,6,camisa,0.382398,DDPM,1000
fashion_00721.png,6,camisa,0.326982,DDPM,1000
fashion_00722.png,6,camisa,0.682423,DDPM,1000
fashion_00723.png,6,camisa,0.785498,DDPM,1000
fashion_00724.png,3,vestido,0.718322,DDPM,1000
fashion_00725.png,6,camisa,0.624319,DDPM,1000
fashion_00726.png,6,camisa,0.421515,DDPM,1000
fashion_00727.png,7,tênis,0.657970,DDPM,1000
fashion_00728.png,1,calça,0.552691,DDPM,1000
fashion_00729.png,5,sandália,0.527216,DDPM,1000
fashion_00730.png,6,camisa,0.545976,DDPM,1000
fashion_00731.png,5,sandália,0.282611,DDPM,1000
fashion_00732.png,8,bolsa,0.649862,DDPM,1000
fashion_00733.png,8,bolsa,0.574898,DDPM,1000
fashion_00734.png,6,camisa,0.503742,DDPM,1000
fashion_00735.png,3,vestido,0.562248,DDPM,1000
fashion_00736.png,6,camisa,0.436497,DDPM,1000
fashion_00737.png,6,camisa,0.411902,DDPM,1000
fashion_00738.png,3,vestido,0.680471,DDPM,1000
fashion_00739.png,5,sandália,0.821001,DDPM,1000
fashion_00740.png,0,camiseta,0.543612,DDPM,1000
fashion_00741.png,3,vestido,0.617090,DDPM,1000
fashion_00742.png,4,casaco,0.817870,DDPM,1000
fashion_00743.png,8,bolsa,0.597078,DDPM,1000
fashion_00744.png,8,bolsa,0.591726,DDPM,1000
fashion_00745.png,4,casaco,0.530104,DDPM,1000
fashion_00746.png,0,camiseta,0.443731,DDPM,1000
fashion_00747.png,6,camisa,0.589135,DDPM,1000
fashion_00748.png,8,bolsa,0.542554,DDPM,1000
fashion_00749.png,4,casaco,0.817931,DDPM,1000
fashion_00750.png,1,calça,0.375946,DDPM,1000
fashion_00751.png,0,camiseta,0.891919,DDPM,1000
fashion_00752.png,6,camisa,0.827603,DDPM,1000
fashion_00753.png,8,bolsa,0.384415,DDPM,1000
fashion_00754.png,4,casaco,0.512471,DDPM,1000
fashion_00755.png,6,camisa,0.433733,DDPM,1000
fashion_00756.png,6,camisa,0.676918,DDPM,1000
fashion_00757.png,6,camisa,0.629142,DDPM,1000
fashion_00758.png,0,camiseta,0.599260,DDPM,1000
fashion_00759.png,0,camiseta,0.583706,DDPM,1000
fashion_00760.png,0,camiseta,0.598091,DDPM,1000
fashion_00761.png,8,bolsa,0.956255,DDPM,1000
fashion_00762.png,8,bolsa,0.890190,DDPM,1000
fashion_00763.png,3,vestido,0.725204,DDPM,1000
fashion_00764.png,6,camisa,0.696531,DDPM,1000
fashion_00765.png,6,camisa,0.527720,DDPM,1000
fashion_00766.png,5,sandália,0.827082,DDPM,1000
fashion_00767.png,3,vestido,0.671385,DDPM,1000
fashion_00768.png,2,pulôver,0.449691,DDPM,1000
fashion_00769.png,0,camiseta,0.523218,DDPM,1000
fashion_00770.png,9,bota,0.513293,DDPM,1000
fashion_00771.png,5,sandália,0.909813,DDPM,1000
fashion_00772.png,6,camisa,0.418417,DDPM,1000
fashion_00773.png,8,bolsa,0.462428,DDPM,1000
fashion_00774.png,2,pulôver,0.602523,DDPM,1000
fashion_00775.png,6,camisa,0.857464,DDPM,1000
fashion_00776.png,5,sandália,0.945516,DDPM,1000
fashion_00777.png,6,camisa,0.931280,DDPM,1000
fashion_00778.png,6,camisa,0.698633,DDPM,1000
fashion_00779.png,0,camiseta,0.290204,DDPM,1000
fashion_00780.png,5,sandália,0.467309,DDPM,1000
fashion_00781.png,6,camisa,0.534521,DDPM,1000
fashion_00782.png,6,camisa,0.895238,DDPM,1000
fashion_00783.png,6,camisa,0.707240,DDPM,1000
fashion_00784.png,6,camisa,0.864285,DDPM,1000
fashion_00785.png,5,sandália,0.384407,DDPM,1000
fashion_00786.png,1,calça,0.772728,DDPM,1000
fashion_00787.png,9,bota,0.480163,DDPM,1000
fashion_00788.png,6,camisa,0.754370,DDPM,1000
fashion_00789.png,0,camiseta,0.386836,DDPM,1000
fashion_00790.png,7,tênis,0.744452,DDPM,1000
fashion_00791.png,1,calça,0.429103,DDPM,1000
fashion_00792.png,3,vestido,0.403122,DDPM,1000
fashion_00793.png,8,bolsa,0.594360,DDPM,1000
fashion_00794.png,4,casaco,0.479991,DDPM,1000
fashion_00795.png,0,camiseta,0.432176,DDPM,1000
fashion_00796.png,0,camiseta,0.508756,DDPM,1000
fashion_00797.png,3,vestido,0.949163,DDPM,1000
fashion_00798.png,1,calça,0.445509,DDPM,1000
fashion_00799.png,0,camiseta,0.536767,DDPM,1000
fashion_00800.png,5,sandália,0.677121,DDPM,1000
fashion_00801.png,0,camiseta,0.431193,DDPM,1000
fashion_00802.png,6,camisa,0.938818,DDPM,1000
fashion_00803.png,9,bota,0.539853,DDPM,1000
fashion_00804.png,8,bolsa,0.687714,DDPM,1000
fashion_00805.png,8,bolsa,0.566970,DDPM,1000
fashion_00806.png,6,camisa,0.623184,DDPM,1000
fashion_00807.png,8,bolsa,0.943591,DDPM,1000
fashion_00808.png,6,camisa,0.789882,DDPM,1000
fashion_00809.png,1,calça,0.496081,DDPM,1000
fashion_00810.png,8,bolsa,0.659860,DDPM,1000
fashion_00811.png,4,casaco,0.648880,DDPM,1000
fashion_00812.png,6,camisa,0.438942,DDPM,1000
fashion_00813.png,0,camiseta,0.554301,DDPM,1000
fashion_00814.png,8,bolsa,0.682428,DDPM,1000
fashion_00815.png,8,bolsa,0.777952,DDPM,1000
fashion_00816.png,9,bota,0.901098,DDPM,1000
fashion_00817.png,8,bolsa,0.751808,DDPM,1000
fashion_00818.png,6,camisa,0.717722,DDPM,1000
fashion_00819.png,8,bolsa,0.623227,DDPM,1000
fashion_00820.png,5,sandália,0.903300,DDPM,1000
fashion_00821.png,6,camisa,0.415620,DDPM,1000
fashion_00822.png,9,bota,0.324974,DDPM,1000
fashion_00823.png,1,calça,0.766296,DDPM,1000
fashion_00824.png,6,camisa,0.422087,DDPM,1000
fashion_00825.png,8,bolsa,0.861756,DDPM,1000
fashion_00826.png,6,camisa,0.920391,DDPM,1000
fashion_00827.png,6,camisa,0.510897,DDPM,1000
fashion_00828.png,7,tênis,0.531908,DDPM,1000
fashion_00829.png,8,bolsa,0.992984,DDPM,1000
fashion_00830.png,8,bolsa,0.427958,DDPM,1000
fashion_00831.png,8,bolsa,0.860200,DDPM,1000
fashion_00832.png,8,bolsa,0.460945,DDPM,1000
fashion_00833.png,3,vestido,0.423618,DDPM,1000
fashion_00834.png,8,bolsa,0.565197,DDPM,1000
fashion_00835.png,6,camisa,0.538216,DDPM,1000
fashion_00836.png,0,camiseta,0.701210,DDPM,1000
fashion_00837.png,9,bota,0.588909,DDPM,1000
fashion_00838.png,8,bolsa,0.910502,DDPM,1000
fashion_00839.png,3,vestido,0.579400,DDPM,1000
fashion_00840.png,0,camiseta,0.552193,DDPM,1000
fashion_00841.png,0,camiseta,0.503872,DDPM,1000
fashion_00842.png,6,camisa,0.609501,DDPM,1000
fashion_00843.png,3,vestido,0.453350,DDPM,1000
fashion_00844.png,0,camiseta,0.497651,DDPM,1000
fashion_00845.png,8,bolsa,0.380976,DDPM,1000
fashion_00846.png,8,bolsa,0.287446,DDPM,1000
fashion_00847.png,0,camiseta,0.607219,DDPM,1000
fashion_00848.png,2,pulôver,0.374735,DDPM,1000
fashion_00849.png,8,bolsa,0.948650,DDPM,1000
fashion_00850.png,6,camisa,0.567446,DDPM,1000
fashion_00851.png,2,pulôver,0.350840,DDPM,1000
fashion_00852.png,8,bolsa,0.512966,DDPM,1000
fashion_00853.png,1,calça,0.579673,DDPM,1000
fashion_00854.png,0,camiseta,0.479221,DDPM,1000
fashion_00855.png,8,bolsa,0.960715,DDPM,1000
fashion_00856.png,6,camisa,0.768515,DDPM,1000
fashion_00857.png,1,calça,0.305451,DDPM,1000
fashion_00858.png,5,sandália,0.930995,DDPM,1000
fashion_00859.png,6,camisa,0.623419,DDPM,1000
fashion_00860.png,7,tênis,0.505541,DDPM,1000
fashion_00861.png,6,camisa,0.779721,DDPM,1000
fashion_00862.png,5,sandália,0.626924,DDPM,1000
fashion_00863.png,8,bolsa,0.677627,DDPM,1000
fashion_00864.png,1,calça,0.368713,DDPM,1000
fashion_00865.png,5,sandália,0.264806,DDPM,1000
fashion_00866.png,3,vestido,0.600673,DDPM,1000
fashion_00867.png,8,bolsa,0.550390,DDPM,1000
fashion_00868.png,5,sandália,0.528946,DDPM,1000
fashion_00869.png,8,bolsa,0.628956,DDPM,1000
fashion_00870.png,6,camisa,0.791899,DDPM,1000
fashion_00871.png,3,vestido,0.309619,DDPM,1000
fashion_00872.png,0,camiseta,0.428365,DDPM,1000
fashion_00873.png,0,camiseta,0.414279,DDPM,1000
fashion_00874.png,0,camiseta,0.425750,DDPM,1000
fashion_00875.png,6,camisa,0.385074,DDPM,1000
fashion_00876.png,8,bolsa,0.584352,DDPM,1000
fashion_00877.png,1,calça,0.593372,DDPM,1000
fashion_00878.png,4,casaco,0.584801,DDPM,1000
fashion_00879.png,1,calça,0.677952,DDPM,1000
fashion_00880.png,8,bolsa,0.528235,DDPM,1000
fashion_00881.png,6,camisa,0.579510,DDPM,1000
fashion_00882.png,6,camisa,0.578142,DDPM,1000
fashion_00883.png,8,bolsa,0.996118,DDPM,1000
fashion_00884.png,9,bota,0.709928,DDPM,1000
fashion_00885.png,1,calça,0.763744,DDPM,1000
fashion_00886.png,6,camisa,0.745830,DDPM,1000
fashion_00887.png,6,camisa,0.832144,DDPM,1000
fashion_00888.png,6,camisa,0.636949,DDPM,1000
fashion_00889.png,0,camiseta,0.749532,DDPM,1000
fashion_00890.png,6,camisa,0.847935,DDPM,1000
fashion_00891.png,2,pulôver,0.247596,DDPM,1000
fashion_00892.png,5,sandália,0.580061,DDPM,1000
fashion_00893.png,6,camisa,0.823970,DDPM,1000
fashion_00894.png,6,camisa,0.395961,DDPM,1000
fashion_00895.png,0,camiseta,0.589531,DDPM,1000
fashion_00896.png,5,sandália,0.957614,DDPM,1000
fashion_00897.png,9,bota,0.616731,DDPM,1000
fashion_00898.png,8,bolsa,0.877298,DDPM,1000
fashion_00899.png,4,casaco,0.693052,DDPM,1000
fashion_00900.png,0,camiseta,0.732156,DDPM,1000
fashion_00901.png,2,pulôver,0.389657,DDPM,1000
fashion_00902.png,5,sandália,0.690569,DDPM,1000
fashion_00903.png,6,camisa,0.604118,DDPM,1000
fashion_00904.png,6,camisa,0.362331,DDPM,1000
fashion_00905.png,0,camiseta,0.256606,DDPM,1000
fashion_00906.png,2,pulôver,0.716020,DDPM,1000
fashion_00907.png,3,vestido,0.314944,DDPM,1000
fashion_00908.png,6,camisa,0.769057,DDPM,1000
fashion_00909.png,8,bolsa,0.328728,DDPM,1000
fashion_00910.png,8,bolsa,0.559171,DDPM,1000
fashion_00911.png,8,bolsa,0.777902,DDPM,1000
fashion_00912.png,8,bolsa,0.602006,DDPM,1000
fashion_00913.png,6,camisa,0.511681,DDPM,1000
fashion_00914.png,6,camisa,0.482584,DDPM,1000
fashion_00915.png,1,calça,0.560723,DDPM,1000
fashion_00916.png,0,camiseta,0.806935,DDPM,1000
fashion_00917.png,0,camiseta,0.573973,DDPM,1000
fashion_00918.png,3,vestido,0.649061,DDPM,1000
fashion_00919.png,6,camisa,0.696802,DDPM,1000
fashion_00920.png,0,camiseta,0.299053,DDPM,1000
fashion_00921.png,6,camisa,0.464808,DDPM,1000
fashion_00922.png,6,camisa,0.574357,DDPM,1000
fashion_00923.png,7,tênis,0.275148,DDPM,1000
fashion_00924.png,4,casaco,0.471924,DDPM,1000
fashion_00925.png,8,bolsa,0.499805,DDPM,1000
fashion_00926.png,6,camisa,0.650902,DDPM,1000
fashion_00927.png,6,camisa,0.682622,DDPM,1000
fashion_00928.png,5,sandália,0.607480,DDPM,1000
fashion_00929.png,6,camisa,0.932148,DDPM,1000
fashion_00930.png,0,camiseta,0.727609,DDPM,1000
fashion_00931.png,6,camisa,0.497884,DDPM,1000
fashion_00932.png,8,bolsa,0.947172,DDPM,1000
fashion_00933.png,6,camisa,0.862694,DDPM,1000
fashion_00934.png,4,casaco,0.810322,DDPM,1000
fashion_00935.png,6,camisa,0.764692,DDPM,1000
fashion_00936.png,3,vestido,0.627330,DDPM,1000
fashion_00937.png,0,camiseta,0.662059,DDPM,1000
fashion_00938.png,6,camisa,0.412923,DDPM,1000
fashion_00939.png,8,bolsa,0.600660,DDPM,1000
fashion_00940.png,5,sandália,0.526190,DDPM,1000
fashion_00941.png,6,camisa,0.361188,DDPM,1000
fashion_00942.png,0,camiseta,0.508199,DDPM,1000
fashion_00943.png,2,pulôver,0.434334,DDPM,1000
fashion_00944.png,8,bolsa,0.626851,DDPM,1000
fashion_00945.png,8,bolsa,0.878753,DDPM,1000
fashion_00946.png,3,vestido,0.332150,DDPM,1000
fashion_00947.png,8,bolsa,0.883783,DDPM,1000
fashion_00948.png,0,camiseta,0.248672,DDPM,1000
fashion_00949.png,6,camisa,0.583925,DDPM,1000
fashion_00950.png,8,bolsa,0.676608,DDPM,1000
fashion_00951.png,6,camisa,0.306275,DDPM,1000
fashion_00952.png,6,camisa,0.836144,DDPM,1000
fashion_00953.png,8,bolsa,0.922425,DDPM,1000
fashion_00954.png,6,camisa,0.777862,DDPM,1000
fashion_00955.png,7,tênis,0.681332,DDPM,1000
fashion_00956.png,6,camisa,0.570561,DDPM,1000
fashion_00957.png,4,casaco,0.590484,DDPM,1000
fashion_00958.png,0,camiseta,0.800123,DDPM,1000
fashion_00959.png,5,sandália,0.484992,DDPM,1000
fashion_00960.png,5,sandália,0.919536,DDPM,1000
fashion_00961.png,8,bolsa,0.440697,DDPM,1000
fashion_00962.png,7,tênis,0.364784,DDPM,1000
fashion_00963.png,0,camiseta,0.862923,DDPM,1000
fashion_00964.png,6,camisa,0.908906,DDPM,1000
fashion_00965.png,6,camisa,0.958449,DDPM,1000
fashion_00966.png,6,camisa,0.818614,DDPM,1000
fashion_00967.png,8,bolsa,0.624466,DDPM,1000
fashion_00968.png,8,bolsa,0.947334,DDPM,1000
fashion_00969.png,8,bolsa,0.513292,DDPM,1000
fashion_00970.png,6,camisa,0.883706,DDPM,1000
fashion_00971.png,6,camisa,0.442336,DDPM,1000
fashion_00972.png,5,sandália,0.421677,DDPM,1000
fashion_00973.png,0,camiseta,0.498629,DDPM,1000
fashion_00974.png,4,casaco,0.808086,DDPM,1000
fashion_00975.png,7,tênis,0.602091,DDPM,1000
fashion_00976.png,6,camisa,0.388314,DDPM,1000
fashion_00977.png,0,camiseta,0.949999,DDPM,1000
fashion_00978.png,0,camiseta,0.779406,DDPM,1000
fashion_00979.png,3,vestido,0.385092,DDPM,1000
fashion_00980.png,8,bolsa,0.988422,DDPM,1000
fashion_00981.png,2,pulôver,0.480153,DDPM,1000
fashion_00982.png,2,pulôver,0.693254,DDPM,1000
fashion_00983.png,8,bolsa,0.944211,DDPM,1000
fashion_00984.png,5,sandália,0.574701,DDPM,1000
fashion_00985.png,8,bolsa,0.670563,DDPM,1000
fashion_00986.png,6,camisa,0.229922,DDPM,1000
fashion_00987.png,8,bolsa,0.900087,DDPM,1000
fashion_00988.png,9,bota,0.451715,DDPM,1000
fashion_00989.png,5,sandália,0.468569,DDPM,1000
fashion_00990.png,8,bolsa,0.401164,DDPM,1000
fashion_00991.png,6,camisa,0.836774,DDPM,1000
fashion_00992.png,3,vestido,0.396567,DDPM,1000
fashion_00993.png,2,pulôver,0.681601,DDPM,1000
fashion_00994.png,7,tênis,0.659631,DDPM,1000
fashion_00995.png,4,casaco,0.513139,DDPM,1000
fashion_00996.png,6,camisa,0.313245,DDPM,1000
fashion_00997.png,9,bota,0.846754,DDPM,1000
fashion_00998.png,0,camiseta,0.457823,DDPM,1000
fashion_00999.png,3,vestido,0.835492,DDPM,1000
