seed,p,toy_recall_50_95,mean_best_iou,proposals,recall_50,iterations,converged,max_squared_update,candidates_before_nms
7,2.0,0.6166666666666666,0.8004070556309362,7,0.6666666666666666,80,True,9.621842285507754e-09,18
7,1.6,0.24999999999999994,0.3567708333333333,3,0.3333333333333333,199,True,9.88843219972068e-09,11
7,1.2,0.4499999999999999,0.5268656716417911,4,0.5,185,True,9.934614569721641e-09,14
23,2.0,0.4499999999999999,0.6035691109669047,6,0.5,79,True,9.378018608274184e-09,17
23,1.6,0.24999999999999994,0.3567708333333333,3,0.3333333333333333,194,True,9.82638791326627e-09,11
23,1.2,0.4499999999999999,0.5268656716417911,4,0.5,177,True,9.871946339128965e-09,14
42,2.0,0.6166666666666666,0.8004070556309362,7,0.6666666666666666,83,True,9.983279558920893e-09,18
42,1.6,0.24999999999999994,0.3567708333333333,2,0.3333333333333333,203,True,9.880113124840945e-09,12
42,1.2,0.4499999999999999,0.5268656716417911,4,0.5,190,True,9.860568377420743e-09,14
