method,images,detector,COCO,LVIS,ADE20K,EntitySeg,SA-1B,PACO,Things_mean,StuffThings_mean
SAM,11000000,False,49.6,46.1,45.8,45.9,60.8,18.1,47.9,50.8
CutLER,1300000,False,28.1,20.2,26.3,23.1,17.0,8.9,24.2,22.1
SOHES,200000,False,30.5,29.1,31.1,33.5,33.3,17.1,29.8,32.6
Diffuse2Seg,100000,False,37.4,36.9,37.6,39.7,43.5,27.1,37.2,40.3
UnSAM,100000,True,40.5,37.7,35.7,39.6,41.9,27.5,39.1,39.1
Diffuse2Seg,100000,True,41.0,38.7,39.8,42.2,45.5,28.9,39.9,42.5
UnSAM,200000,True,41.2,39.7,36.8,40.3,43.6,29.1,40.5,40.2
Diffuse2Seg,200000,True,40.7,39.0,39.6,42.2,46.6,29.1,39.9,42.8
UnSAM,400000,True,42.0,40.5,39.1,41.1,44.8,29.7,41.3,41.7
Diffuse2Seg,400000,True,42.2,40.0,40.5,43.2,47.8,29.8,41.1,43.8
