seed,policy,epoch,train_loss,validation_accuracy
7,Sem augmentation,1,1.9563278322219848,38.4799987077713
7,Sem augmentation,2,1.6012270174238417,44.26000118255615
7,Sem augmentation,3,1.472934824180603,48.19999933242798
7,Sem augmentation,4,1.3991607559627957,49.84000027179718
7,Sem augmentation,5,1.3366793924543592,51.579999923706055
7,Sem augmentation,6,1.2951887454562716,54.43999767303467
7,Sem augmentation,7,1.2437996608098347,54.79999780654907
7,Sem augmentation,8,1.2130054797914294,56.33999705314636
7,Sem augmentation,9,1.1748814927207099,56.300002336502075
7,Sem augmentation,10,1.1394709929996067,57.95999765396118
7,Sem augmentation,11,1.1163761316935221,57.94000029563904
7,Sem augmentation,12,1.0841035985734728,58.96000266075134
7,Sem augmentation,13,1.0542526011043125,58.60000252723694
7,Sem augmentation,14,1.0242867469363743,60.519999265670776
7,Sem augmentation,15,1.0038659139103359,60.680001974105835
7,Sem augmentation,16,0.9758788315878975,61.239999532699585
7,Sem augmentation,17,0.9525678798251682,61.73999905586243
7,Sem augmentation,18,0.937716149573856,61.260002851486206
7,Sem augmentation,19,0.9182402178870307,62.00000047683716
7,Sem augmentation,20,0.8980763920466105,62.300002574920654
7,Geometria,1,2.013722089788649,37.139999866485596
7,Geometria,2,1.710389820543925,44.40000057220459
7,Geometria,3,1.58658323703342,44.999998807907104
7,Geometria,4,1.5152643500010172,46.97999954223633
7,Geometria,5,1.4694085942374335,50.90000033378601
7,Geometria,6,1.438779157363044,52.70000100135803
7,Geometria,7,1.4074949888865154,51.899999380111694
7,Geometria,8,1.3853795086330838,53.88000011444092
7,Geometria,9,1.369796504275004,54.43999767303467
7,Geometria,10,1.3450320780648126,55.68000078201294
7,Geometria,11,1.3264084280437893,55.73999881744385
7,Geometria,12,1.3094987756941054,56.73999786376953
7,Geometria,13,1.2944029336293539,56.72000050544739
7,Geometria,14,1.273324227756924,58.27999711036682
7,Geometria,15,1.2601221366034614,59.119999408721924
7,Geometria,16,1.2423080435011122,59.16000008583069
7,Geometria,17,1.2296667363484701,59.71999764442444
7,Geometria,18,1.2159463307274712,59.71999764442444
7,Geometria,19,1.199234482383728,61.080002784729004
7,Geometria,20,1.1917193111207751,60.47999858856201
7,Geometria + cor,1,2.013012689929538,37.5
7,Geometria + cor,2,1.7301837841881647,44.85999941825867
7,Geometria + cor,3,1.606933233027988,45.44000029563904
7,Geometria + cor,4,1.5384176976733737,46.74000144004822
7,Geometria + cor,5,1.487550533888075,51.419997215270996
7,Geometria + cor,6,1.4588689568837483,53.200000524520874
7,Geometria + cor,7,1.4268974852455987,53.25999855995178
7,Geometria + cor,8,1.3941872138341267,55.3600013256073
7,Geometria + cor,9,1.3729099457846747,55.58000206947327
7,Geometria + cor,10,1.3479879863315158,57.22000002861023
7,Geometria + cor,11,1.3256253106223213,56.40000104904175
7,Geometria + cor,12,1.3006928638670179,58.639997243881226
7,Geometria + cor,13,1.2886232933680217,58.57999920845032
7,Geometria + cor,14,1.2684174121432834,59.700000286102295
7,Geometria + cor,15,1.2520961564805773,60.47999858856201
7,Geometria + cor,16,1.233346514723036,60.360002517700195
7,Geometria + cor,17,1.2160962761561076,60.32000184059143
7,Geometria + cor,18,1.208035348701477,61.44000291824341
7,Geometria + cor,19,1.1896311230129666,61.18000149726868
7,Geometria + cor,20,1.182032720014784,62.3199999332428
7,Geometria + Cutout,1,2.0184503510369196,36.37999892234802
7,Geometria + Cutout,2,1.7491439276589287,43.11999976634979
7,Geometria + Cutout,3,1.6442931836658055,44.359999895095825
7,Geometria + Cutout,4,1.5714905411614313,46.480000019073486
7,Geometria + Cutout,5,1.5241707506391737,49.66000020503998
7,Geometria + Cutout,6,1.4897582924524944,50.599998235702515
7,Geometria + Cutout,7,1.4608049693849352,51.260000467300415
7,Geometria + Cutout,8,1.4287320093578761,52.52000093460083
7,Geometria + Cutout,9,1.4108964197370741,52.93999910354614
7,Geometria + Cutout,10,1.3898828364478217,53.39999794960022
7,Geometria + Cutout,11,1.3751162201987372,53.17999720573425
7,Geometria + Cutout,12,1.346933154826694,55.559998750686646
7,Geometria + Cutout,13,1.3379971832063462,55.15999794006348
7,Geometria + Cutout,14,1.3151805644141303,56.620001792907715
7,Geometria + Cutout,15,1.3037691947301229,57.3199987411499
7,Geometria + Cutout,16,1.2889377964019775,57.840001583099365
7,Geometria + Cutout,17,1.2723701337602404,58.06000232696533
7,Geometria + Cutout,18,1.2658063732783,57.999998331069946
7,Geometria + Cutout,19,1.2478448731528389,59.460002183914185
7,Geometria + Cutout,20,1.2479358914693197,59.28000211715698
7,Geometria + Mixup,1,2.10514588815901,32.600000500679016
7,Geometria + Mixup,2,1.929997001944648,40.83999991416931
7,Geometria + Mixup,3,1.831378884294298,43.02000105381012
7,Geometria + Mixup,4,1.7775380100462173,47.620001435279846
7,Geometria + Mixup,5,1.754938506825765,48.739999532699585
7,Geometria + Mixup,6,1.6989573367648654,50.940001010894775
7,Geometria + Mixup,7,1.7041469257566664,51.45999789237976
7,Geometria + Mixup,8,1.6692506710476345,51.899999380111694
7,Geometria + Mixup,9,1.6700705511728922,52.560001611709595
7,Geometria + Mixup,10,1.6683947960747614,54.22000288963318
7,Geometria + Mixup,11,1.655696724234687,50.919997692108154
7,Geometria + Mixup,12,1.6512922178904215,55.14000058174133
7,Geometria + Mixup,13,1.5996002020094129,56.55999779701233
7,Geometria + Mixup,14,1.5980950150383844,56.84000253677368
7,Geometria + Mixup,15,1.5699345668792724,57.66000151634216
7,Geometria + Mixup,16,1.5933846718258329,58.06000232696533
7,Geometria + Mixup,17,1.5743042675442165,58.85999798774719
7,Geometria + Mixup,18,1.549022296333313,58.49999785423279
7,Geometria + Mixup,19,1.5588321951548259,58.88000130653381
7,Geometria + Mixup,20,1.5306254366344876,59.56000089645386
7,Geometria + CutMix,1,2.1636842407650416,35.179999470710754
7,Geometria + CutMix,2,2.0618203421698675,40.18000066280365
7,Geometria + CutMix,3,1.996128062057495,43.560001254081726
7,Geometria + CutMix,4,1.9375240695529514,46.36000096797943
7,Geometria + CutMix,5,1.9322939035203721,47.620001435279846
7,Geometria + CutMix,6,1.9070694374720256,45.9199994802475
7,Geometria + CutMix,7,1.8793335707770453,50.0
7,Geometria + CutMix,8,1.864472673755222,49.86000061035156
7,Geometria + CutMix,9,1.8887787006802028,50.6600022315979
7,Geometria + CutMix,10,1.8488884796354506,50.040000677108765
7,Geometria + CutMix,11,1.8526583553738065,49.03999865055084
7,Geometria + CutMix,12,1.8677239969465467,52.719998359680176
7,Geometria + CutMix,13,1.8266943022410076,53.380000591278076
7,Geometria + CutMix,14,1.8547841702355279,55.1800012588501
7,Geometria + CutMix,15,1.821046316825019,55.41999936103821
7,Geometria + CutMix,16,1.815297571521335,55.69999814033508
7,Geometria + CutMix,17,1.8098106493631998,55.900001525878906
7,Geometria + CutMix,18,1.7982426664776272,56.69999718666077
7,Geometria + CutMix,19,1.8149654499689738,55.41999936103821
7,Geometria + CutMix,20,1.7995498967912462,55.44000267982483
23,Sem augmentation,1,1.9417421811845568,38.960000872612
23,Sem augmentation,2,1.6152949891620212,45.80000042915344
23,Sem augmentation,3,1.481951114845276,48.179998993873596
23,Sem augmentation,4,1.4108818081325956,49.880000948905945
23,Sem augmentation,5,1.354685675154792,50.76000094413757
23,Sem augmentation,6,1.3109758898417154,52.399998903274536
23,Sem augmentation,7,1.2795450069639418,52.560001611709595
23,Sem augmentation,8,1.2364411679585774,52.85999774932861
23,Sem augmentation,9,1.2065111537509494,55.69999814033508
23,Sem augmentation,10,1.171482098282708,55.640000104904175
23,Sem augmentation,11,1.1436868344836766,55.320000648498535
23,Sem augmentation,12,1.1155285987430148,55.82000017166138
23,Sem augmentation,13,1.0795433343251546,56.940001249313354
23,Sem augmentation,14,1.057038048892551,56.779998540878296
23,Sem augmentation,15,1.0281384487575955,57.63999819755554
23,Sem augmentation,16,1.0049275939941407,58.30000042915344
23,Sem augmentation,17,0.9781728988011678,58.57999920845032
23,Sem augmentation,18,0.9559387401368883,58.88000130653381
23,Sem augmentation,19,0.9403082452032301,59.43999886512756
23,Sem augmentation,20,0.9223990350617303,57.35999941825867
23,Geometria,1,1.9892119475046794,37.20000088214874
23,Geometria,2,1.6905498403761121,45.28000056743622
23,Geometria,3,1.5891006451288858,46.03999853134155
23,Geometria,4,1.5428190064748128,46.20000123977661
23,Geometria,5,1.4921080954445733,49.25999939441681
23,Geometria,6,1.4572319703420002,50.80000162124634
23,Geometria,7,1.4382865357081096,50.919997692108154
23,Geometria,8,1.4078798252317641,51.52000188827515
23,Geometria,9,1.3882634289211697,53.519999980926514
23,Geometria,10,1.3595552734586929,53.92000079154968
23,Geometria,11,1.3405206469853719,53.71999740600586
23,Geometria,12,1.3198839117262098,54.14000153541565
23,Geometria,13,1.295214327875773,55.82000017166138
23,Geometria,14,1.2781922985288832,55.51999807357788
23,Geometria,15,1.2602140629662408,57.40000009536743
23,Geometria,16,1.2439950241936577,57.23999738693237
23,Geometria,17,1.2277810842937893,59.539997577667236
23,Geometria,18,1.2084077559789022,59.24000144004822
23,Geometria,19,1.1972901863733927,59.28000211715698
23,Geometria,20,1.186752492290073,58.93999934196472
23,Geometria + cor,1,2.006744304000007,36.3400012254715
23,Geometria + cor,2,1.7217356939527724,45.01999914646149
23,Geometria + cor,3,1.5997282843695746,46.00000083446503
23,Geometria + cor,4,1.5530952924092611,47.31999933719635
23,Geometria + cor,5,1.504012401707967,50.05999803543091
23,Geometria + cor,6,1.473689761543274,50.41999816894531
23,Geometria + cor,7,1.4531454192055597,51.08000040054321
23,Geometria + cor,8,1.4281876878526476,51.819998025894165
23,Geometria + cor,9,1.4092775544908311,53.039997816085815
23,Geometria + cor,10,1.3805212759653727,54.11999821662903
23,Geometria + cor,11,1.3664459851794772,53.97999882698059
23,Geometria + cor,12,1.3448503083758885,54.72000241279602
23,Geometria + cor,13,1.3189869895087347,56.279999017715454
23,Geometria + cor,14,1.3032709891425238,55.83999752998352
23,Geometria + cor,15,1.289100286377801,56.73999786376953
23,Geometria + cor,16,1.2680758719550238,58.09999704360962
23,Geometria + cor,17,1.2549773567623563,59.16000008583069
23,Geometria + cor,18,1.241155992741055,59.359997510910034
23,Geometria + cor,19,1.227936598947313,59.380000829696655
23,Geometria + cor,20,1.213692409854465,59.700000286102295
23,Geometria + Cutout,1,2.0125405287424725,37.40000128746033
23,Geometria + Cutout,2,1.7208526231341892,44.8199987411499
23,Geometria + Cutout,3,1.6152620406256781,47.08000123500824
23,Geometria + Cutout,4,1.5671177292082046,47.08000123500824
23,Geometria + Cutout,5,1.5164445528030395,49.52000081539154
23,Geometria + Cutout,6,1.4874712714936997,51.12000107765198
23,Geometria + Cutout,7,1.4609186064402262,51.08000040054321
23,Geometria + Cutout,8,1.4324841527938843,51.499998569488525
23,Geometria + Cutout,9,1.4163163445578681,53.83999943733215
23,Geometria + Cutout,10,1.3926193507088556,53.83999943733215
23,Geometria + Cutout,11,1.371952483007643,54.40000295639038
23,Geometria + Cutout,12,1.354846721288893,54.5199990272522
23,Geometria + Cutout,13,1.3305331767400106,56.63999915122986
23,Geometria + Cutout,14,1.305612598101298,56.76000118255615
23,Geometria + Cutout,15,1.2919086794747248,57.760000228881836
23,Geometria + Cutout,16,1.2812354601330227,57.819998264312744
23,Geometria + Cutout,17,1.2650343805948894,59.16000008583069
23,Geometria + Cutout,18,1.2437556953854032,59.299999475479126
23,Geometria + Cutout,19,1.236404532263014,58.85999798774719
23,Geometria + Cutout,20,1.222881572257148,59.74000096321106
23,Geometria + Mixup,1,2.1090016047583684,34.940001368522644
23,Geometria + Mixup,2,1.9221147242652046,41.63999855518341
23,Geometria + Mixup,3,1.853105256652832,45.86000144481659
23,Geometria + Mixup,4,1.8066130498250326,44.6399986743927
23,Geometria + Mixup,5,1.7580676897260878,49.12000000476837
23,Geometria + Mixup,6,1.7412855846616957,48.78000020980835
23,Geometria + Mixup,7,1.7140542794121636,49.50000047683716
23,Geometria + Mixup,8,1.7062745483398438,50.31999945640564
23,Geometria + Mixup,9,1.6695952390034994,50.90000033378601
23,Geometria + Mixup,10,1.6811677748998006,53.200000524520874
23,Geometria + Mixup,11,1.6516757839414808,52.66000032424927
23,Geometria + Mixup,12,1.6416122782813178,53.64000201225281
23,Geometria + Mixup,13,1.615455829832289,53.24000120162964
23,Geometria + Mixup,14,1.6061842000749376,55.83999752998352
23,Geometria + Mixup,15,1.610657112121582,56.05999827384949
23,Geometria + Mixup,16,1.600598562749227,56.09999895095825
23,Geometria + Mixup,17,1.5745844402313232,57.999998331069946
23,Geometria + Mixup,18,1.531525797229343,56.91999793052673
23,Geometria + Mixup,19,1.5892197665320502,55.479997396469116
23,Geometria + Mixup,20,1.5613436436123318,56.9599986076355
23,Geometria + CutMix,1,2.1791022211710613,35.760000348091125
23,Geometria + CutMix,2,2.0418319507175022,41.040000319480896
23,Geometria + CutMix,3,1.998965397474501,44.15999948978424
23,Geometria + CutMix,4,1.9519291821373834,45.03999948501587
23,Geometria + CutMix,5,1.9474969292534723,45.820000767707825
23,Geometria + CutMix,6,1.924231387201945,46.50000035762787
23,Geometria + CutMix,7,1.9368478047264948,46.90000116825104
23,Geometria + CutMix,8,1.896137436082628,48.100000619888306
23,Geometria + CutMix,9,1.9286347164154052,49.52000081539154
23,Geometria + CutMix,10,1.9145815802256265,49.34000074863434
23,Geometria + CutMix,11,1.8937618957095677,50.199997425079346
23,Geometria + CutMix,12,1.8831034344355266,50.90000033378601
23,Geometria + CutMix,13,1.856678863313463,51.74000263214111
23,Geometria + CutMix,14,1.8611844568888347,52.28000283241272
23,Geometria + CutMix,15,1.8438298158433701,54.019999504089355
23,Geometria + CutMix,16,1.8366846805148656,53.24000120162964
23,Geometria + CutMix,17,1.863329311158922,54.32000160217285
23,Geometria + CutMix,18,1.837701261414422,53.57999801635742
23,Geometria + CutMix,19,1.8254752743615044,54.82000112533569
23,Geometria + CutMix,20,1.838137465900845,55.44000267982483
42,Sem augmentation,1,1.9159612178166707,40.139999985694885
42,Sem augmentation,2,1.5984510275946724,45.46000063419342
42,Sem augmentation,3,1.4688419956631131,48.159998655319214
42,Sem augmentation,4,1.4024199802822537,49.300000071525574
42,Sem augmentation,5,1.3494580950631037,51.45999789237976
42,Sem augmentation,6,1.3101843854268391,52.799999713897705
42,Sem augmentation,7,1.2714258510801528,53.29999923706055
42,Sem augmentation,8,1.2422554804272121,53.65999937057495
42,Sem augmentation,9,1.215266743236118,54.46000099182129
42,Sem augmentation,10,1.1867251737382676,56.26000165939331
42,Sem augmentation,11,1.154311591741774,56.41999840736389
42,Sem augmentation,12,1.1309399985207451,57.34000205993652
42,Sem augmentation,13,1.1109889768176608,56.87999725341797
42,Sem augmentation,14,1.0794326971901789,58.420002460479736
42,Sem augmentation,15,1.0610291367001004,57.8000009059906
42,Sem augmentation,16,1.0413952518251206,59.299999475479126
42,Sem augmentation,17,1.0202109147071838,59.939998388290405
42,Sem augmentation,18,0.9962338080088298,59.83999967575073
42,Sem augmentation,19,0.976404706425137,59.97999906539917
42,Sem augmentation,20,0.9499172560479906,60.920000076293945
42,Geometria,1,1.9666538792504205,39.079999923706055
42,Geometria,2,1.678349102274577,43.959999084472656
42,Geometria,3,1.5592084568871392,47.119998931884766
42,Geometria,4,1.5124090915256077,48.739999532699585
42,Geometria,5,1.4666017149819268,50.620001554489136
42,Geometria,6,1.4351721225950453,52.4399995803833
42,Geometria,7,1.4029827705595228,52.70000100135803
42,Geometria,8,1.3809985871632895,53.88000011444092
42,Geometria,9,1.346349444156223,54.360002279281616
42,Geometria,10,1.3212751038869222,55.239999294281006
42,Geometria,11,1.2954667588127984,55.77999949455261
42,Geometria,12,1.2692671032163831,57.1399986743927
42,Geometria,13,1.2559472074084812,58.09999704360962
42,Geometria,14,1.2269371405071683,58.740001916885376
42,Geometria,15,1.2167046116934883,59.07999873161316
42,Geometria,16,1.1931393788867526,60.579997301101685
42,Geometria,17,1.1777534001668295,60.659998655319214
42,Geometria,18,1.1611195685492621,61.37999892234802
42,Geometria,19,1.1509424661212497,60.600000619888306
42,Geometria,20,1.137863377020094,62.379997968673706
42,Geometria + cor,1,1.997344839392768,37.220001220703125
42,Geometria + cor,2,1.742570834774441,43.74000132083893
42,Geometria + cor,3,1.6150163952297634,47.440001368522644
42,Geometria + cor,4,1.5505372856987847,49.2000013589859
42,Geometria + cor,5,1.4950235607571072,50.620001554489136
42,Geometria + cor,6,1.4608597155041165,51.419997215270996
42,Geometria + cor,7,1.4244067728678385,52.219998836517334
42,Geometria + cor,8,1.4013180147594875,53.88000011444092
42,Geometria + cor,9,1.3726627829233806,54.37999963760376
42,Geometria + cor,10,1.341684217453003,55.900001525878906
42,Geometria + cor,11,1.3194385791778565,56.12000226974487
42,Geometria + cor,12,1.2906294188605414,58.85999798774719
42,Geometria + cor,13,1.2783369315041435,58.99999737739563
42,Geometria + cor,14,1.2464930985556708,59.60000157356262
42,Geometria + cor,15,1.230893947452969,59.359997510910034
42,Geometria + cor,16,1.217286715274387,60.100001096725464
42,Geometria + cor,17,1.197432273779975,61.6599977016449
42,Geometria + cor,18,1.1862256268819173,62.55999803543091
42,Geometria + cor,19,1.1641404314888848,61.159998178482056
42,Geometria + cor,20,1.1594464252471923,62.40000128746033
42,Geometria + Cutout,1,1.9743412170622083,38.4799987077713
42,Geometria + Cutout,2,1.74354721054501,42.16000139713287
42,Geometria + Cutout,3,1.6294245714611477,46.07999920845032
42,Geometria + Cutout,4,1.567480289861891,47.72000014781952
42,Geometria + Cutout,5,1.515729251522488,49.18000102043152
42,Geometria + Cutout,6,1.4738312535391913,50.76000094413757
42,Geometria + Cutout,7,1.4399484702216254,52.6199996471405
42,Geometria + Cutout,8,1.4137953808254666,53.119999170303345
42,Geometria + Cutout,9,1.38083415728675,53.29999923706055
42,Geometria + Cutout,10,1.3592412849002413,54.14000153541565
42,Geometria + Cutout,11,1.33467267320421,55.44000267982483
42,Geometria + Cutout,12,1.3091093637042575,56.859999895095825
42,Geometria + Cutout,13,1.2973295588175455,57.179999351501465
42,Geometria + Cutout,14,1.2686561589982774,57.8000009059906
42,Geometria + Cutout,15,1.265291920598348,58.079999685287476
42,Geometria + Cutout,16,1.2451346380233765,58.799999952316284
42,Geometria + Cutout,17,1.2296312578625148,59.43999886512756
42,Geometria + Cutout,18,1.2207099430720012,60.280001163482666
42,Geometria + Cutout,19,1.201674651061164,60.0600004196167
42,Geometria + Cutout,20,1.1935330027474298,61.41999959945679
42,Geometria + Mixup,1,2.0887887480841743,35.019999742507935
42,Geometria + Mixup,2,1.929274796040853,41.999998688697815
42,Geometria + Mixup,3,1.8649178214391073,43.39999854564667
42,Geometria + Mixup,4,1.821198743693034,46.00000083446503
42,Geometria + Mixup,5,1.7966493175718519,47.02000021934509
42,Geometria + Mixup,6,1.782091145430671,47.999998927116394
42,Geometria + Mixup,7,1.7301540327496,49.480000138282776
42,Geometria + Mixup,8,1.7033539771821764,51.21999979019165
42,Geometria + Mixup,9,1.6661107278399998,51.67999863624573
42,Geometria + Mixup,10,1.6834132607142132,52.28000283241272
42,Geometria + Mixup,11,1.6346915592829387,53.039997816085815
42,Geometria + Mixup,12,1.6460944098790486,54.659998416900635
42,Geometria + Mixup,13,1.6774154372533163,54.93999719619751
42,Geometria + Mixup,14,1.6110417324490018,54.019999504089355
42,Geometria + Mixup,15,1.6460849475012884,55.01999855041504
42,Geometria + Mixup,16,1.5950576126946343,56.13999962806702
42,Geometria + Mixup,17,1.5935150300131904,56.66000247001648
42,Geometria + Mixup,18,1.5886340634875826,57.67999887466431
42,Geometria + Mixup,19,1.5839857247670492,57.77999758720398
42,Geometria + Mixup,20,1.55631558948093,57.66000151634216
42,Geometria + CutMix,1,2.148100855255127,34.52000021934509
42,Geometria + CutMix,2,2.0406409347958037,40.09999930858612
42,Geometria + CutMix,3,2.000924701288011,44.0200001001358
42,Geometria + CutMix,4,1.97675959531996,44.839999079704285
42,Geometria + CutMix,5,1.9308350775824652,44.96000111103058
42,Geometria + CutMix,6,1.933722777832879,47.119998931884766
42,Geometria + CutMix,7,1.9143468115488689,46.619999408721924
42,Geometria + CutMix,8,1.9076486509111192,49.3800014257431
42,Geometria + CutMix,9,1.8990036004384359,49.41999912261963
42,Geometria + CutMix,10,1.8789895142873128,50.859999656677246
42,Geometria + CutMix,11,1.858597718747457,51.03999972343445
42,Geometria + CutMix,12,1.8596891322453817,53.119999170303345
42,Geometria + CutMix,13,1.849794491810269,53.200000524520874
42,Geometria + CutMix,14,1.8307707134034898,51.74000263214111
42,Geometria + CutMix,15,1.8445447210523818,54.100000858306885
42,Geometria + CutMix,16,1.825700541220771,54.06000018119812
42,Geometria + CutMix,17,1.8174527450561524,55.640000104904175
42,Geometria + CutMix,18,1.8176088761647542,55.80000281333923
42,Geometria + CutMix,19,1.8228326671600341,55.86000084877014
42,Geometria + CutMix,20,1.80067404522366,57.200002670288086
